<?xml version="1.0" encoding="UTF-8"?>
<project-private xmlns="http://www.netbeans.org/ns/project-private/1">
    <editor-bookmarks xmlns="http://www.netbeans.org/ns/editor-bookmarks/2" lastBookmarkId="0"/>
    <open-files xmlns="http://www.netbeans.org/ns/projectui-open-files/2">
        <group>
            <file>file:/C:/Users/MONSTER/Documents/NetBeansProjects/mayintarlasi/src/mayintarlasi/mayintarlasioyunu.java</file>
            <file>file:/C:/Users/MONSTER/Documents/NetBeansProjects/mayintarlasi/src/mayintarlasi/Mayintarlasi.java</file>
            <file>file:/C:/Users/MONSTER/Documents/NetBeansProjects/mayintarlasi/src/mayintarlasi/yerlestirme.java</file>
            <file>file:/C:/Users/MONSTER/Documents/NetBeansProjects/mayintarlasi/src/mayintarlasi/MayinFotosu.java</file>
            <file>file:/C:/Users/MONSTER/Documents/NetBeansProjects/mayintarlasi/src/mayintarlasi/anaekran1.java</file>
        </group>
    </open-files>
</project-private>
